ONET KSA	Count
metal rulers	1
digital storage oscilloscopes	3
digital audio workstations	4
reamers	52
software distribution software	5
netscape navigator	5
pneumatic drills	2
angle plates	8
quarkxpress	330
website management software	10
power mowers	29
brooms	45
chemistry analyzers	6
tillers	53
financial planning software	18
table saws	10
spud wrenches	1
funnels	16
potentiometers	8
emc documentum	70
grounding equipment	24
altium designer	23
scripting software	11
vacuum ovens	1
desktop underwriter	92
fire resistant clothing	1
vision software	85
dishwashers	745
pipe cleaners	7008
reliability analysis software	1
laminating equipment	3
hand pumps	1
vertical machining centers	34
video servers	15
torque testers	3
phonegap	113
pullers	145
sandblasters	9
frame racks	68
rhythm instruments	1
content servers	3
microsoft business intelligence bi	7
rubber dams	4
shop management software	10
v blocks	8
frequency meters	1
plasma cutters	17
backup servers	4
automatic titrators	1
optical comparators	111
putty knives	6
calculators	382
jig saws	1
punch presses	31
google earth pro	5
nmap	93
vibration analysis equipment	2
nosql software	1
extensible business reporting language xbrl	1
passenger vans	46
originality	192
oxygen equipment	5
navinet software	5
freezers	217
pressure tanks	1
automated paint mixing equipment	1
stamping tools	2
repairing	3735
steel toed boots	244
speech clarity	78
refuse collection trucks	1
pearson powerschool	1
binoculars	1
windsim	1
boring bars	22
fire hoses	25
microsoft power point	306
legal software	24
metal punches	2
spss amos	1
drupal	2771
powered wheelchairs	8
sage mas 200 erp	5
video production software	4
taproot	327
stoves	154
dictation equipment	4
personal computers	2091
drop indicators	7
water treatment equipment	35
laserfiche software	1
reciprocating saws	1
safety belts	31
oracle data guard	33
training software	1146
augmentative communication systems	3
band saws	178
metasploit	69
skiffs	3
dial test indicators	1
code libraries	18
vibration analysis software	16
network file servers	2
equipment maintenance	9513
time card software	1
sit down forklifts	20
ventilation systems	27
bar feeders	5
aerial bucket trucks	1
hand lines	1
lifting hooks	1
hand shears	2
bulldozers	14
depth micrometers	6
case management software	36
microsoft dynamics ax	308
5 axis lathes	1
automation studio	6
python	12227
ear muffs	2
boats	306
sap erp	15355
vise grip pliers	3
avid software	1
mozilla firefox	207
microscopes	124
lamp stack	290
die gauges	1
mass spectrometry equipment	2
autodesk mechanical	1
pressure gauges	36
bed scales	1
flowmeters	7
underwriting software	15
network monitoring software	17
prisms	4
protective clothing	884
hand benders	2
irons	61
cargo trucks	5
win ce	61
graphics processing unit gpu	2
cerner millennium	1781
cyclone	4022
strapping tools	4
melting point apparatus	4
scrub brushes	1
microsoft outlook	7306
adp hr benefits solution	2
oracle universal content management	1
border gateway protocol bgp	4
predator dnc	3
audio mixers	9
concrete saws	2
autodesk revit architecture	5
light boxes	7
sampling pumps	1
flatbed trucks	53
light trucks	119
utility trailers	9
hydraulic power units	21
darwin information typing architecture dita	4
cerner profile	1
automated underwriting software	2
wireless barcode scanners	1
protective sleeves	1
ammeters	22
cushions	147
shuttle buses	6
crimping machines	2
drainage pumps	1
optical analysis software	2
conference phones	3
microstrategy software	1
jquery	17376
systems analysis	1186
polarity testers	1
turret punches	1
credit card processing software	1
pipe beveling machines	2
radial arm saws	1
level transmitters	2
ski lifts	1
medical software	270
refrigerators	164
dspace	71
grinding equipment	20
wire pullers	1
horizontal lathes	34
shuttle cars	5
fids	1
dynamic host configuration protocol dhcp	3
protective gloves	66
sheet fed presses	4
inventory control systems	667
warehouse management software	20
broadcast cameras	1
westlaw	70
ado net	685
fanuc cnc	35
pipelayers	2
autodesk revit	99
management information systems mis software	1
inside micrometers	1
distortion meters	1
protein skimmers	2
electric hoists	12
tie downs	2
pipettes	32
flight simulation software	2
control boards	12
conductivity meters	2
mobile application software	3
spoons	2
solomon software	77
profile projectors	1
mechanical mixers	1
metallographs	2
impact	26186
sony vegas pro	2
critical thinking	10184
laparoscopic equipment	1
edexpress	2
circuit breakers	136
fixed blade knives	1
platform trucks	67
groovy	950
backboards	1
ipro software	2
kronos workforce timekeeper	3
hoyer lifts	1
sales and marketing	11
gas turbine engines	26
sap netweaver	28
quest foglight	4
optical pyrometers	10
microphones	100
pulse oximeters	1
sheet extruders	6
customer database software	4
sump pumps	9
citrix xenapp	220
scheduling databases	4
data visualization software	11
bowtie	7
vmware software	8
trane trace	24
radiometers	1
gantry cranes	1
spot welders	3
antivirus software	316
atlassian bamboo	5
ranges	11178
drainage tubes	3
burner management systems	19
lapack	1
negotiation	97810
computerized sewing machines	2
purchasing software	156
twin screw extruders	2
alarm systems	704
positive displacement pumps	16
vacuum pumps	67
woks	14
jointers	1
cherry pickers	39
project planning software	21
shakers	51
carousels	33
campaign monitor	4
paging systems	33
tow trucks	4
macromedia cold fusion	3
esri arcmap	6
post hole diggers	1
universal tax systems taxwise	23
ladders	16704
work gloves	24
lan software	4
humidifiers	19
oracle peoplesoft software	12
instrument control software	3
exhaust fans	643
ibm rational rose	4
object oriented programming languages	81
core machines	5
hydraulic modeling software	9
gbs agency expert	1
in target probes itp	1
word processors	88
ellucian colleague	6
wave meters	1
temperature sensors	8
rockwell rsview	2
broilers	105
epicor vista erp	2
rules	26876
templates	2217
pipe cutters	8
windows servers	528
apache hadoop	18
financial tracking software	2
lift chairs	25
combustion turbines	7
aprimo marketing	20
clips	593
microsoft silverlight	51
overhead projectors	4
automated external defibrillators aed	1
sanding machines	1
bioreactors	15
air sampling pumps	1
adaptive planning	71
accounts payable software	49
film winders	1
wheelchairs	412
luminometers	1
sage mas 500	6
routing machines	1
clipper	20
propertyware	16
ibm rational requisite pro	2
calendar software	11
subversion	1977
cell phones	1519
wire tongs	1
human modeling software	4
hammer pliers	6
alarms	835
microcomputers	26
process simulation software	46
nwchem	1
screens	5282
educational toys	2
electronic blood pressure equipment	1
amtdirect	5
project management software	1131
tumblr	1942
acoustic guitars	3
ibm domino	1
echosounders	3
web design software	46
meter reading software	7
exposure units	22
crawler cranes	10
defibrillators	45
water baths	2
vernier instruments	1
tyler technologies munis	1
sas data integration studio	4
access management software	13
labeling equipment	18
adp workforce now	593
blackbaud crm	6
data entry software	75
"google "	189
infrared analyzers	4
apache cassandra	13
road simulators	8
microsoft windows server	364
extensible markup language xml	83
hec 1	4
color management software	1
workstation platforms	2
choppers	8
oracle essbase	42
frames	1468
controllers	2494
wonderware intouch hmi	1
sergers	43
edgers	71
autotitrators	4
stamina	1823
informational signs	3
eye charts	4
groupwise	62
written comprehension	219
wireless communication systems	44
website creation software	1
terminal emulation software	4
emerson ovation	4
electric pallet jacks	42
high lifts	1481
business software applications	98
fractionators	11
call tracking software	13
skid steer loaders	5
mastercam software	28
enterprise javabeans	4
parts washers	8
winbugs	1
jmp software	2
tongs	26
air pressure gauges	1
ca etrust	1
mobile phones	429
agilent chemstation	51
oil pumps	18
educational software	146
riding pallet jacks	1
pneumatic pumps	1
chassis dynamometers	10
strain gauges	18
boring machines	9
charbroilers	4
oracle	44619
laminators	7
resource planning software	42
spray dryers	5
outside micrometers	4
milling machines	456
carpet knives	1
die grinders	44
tractors	1362
ONET KSA	Count
buffing tools	1
johnson bars	2
air cleaners	2
bioconductor	1
radio antennas	4
protective gowns	3
mowing equipment	19
traffic generators	51
forging dies	1
endotracheal tubes	2
pipe trailers	4
follow code	4
legato networker	7
macvector	1
spreadsheet programs	173
field computers	9
automobiles	3410
conventional spray equipment	3
farm tractors	7
microsoft axapta	8
general ledger software	94
respirators	205
augers	49
science	204025
respiratory protection equipment	14
temperature probes	57
regression testing software	1
automated systems software	2
pin gauges	18
cash registers	580
stamps com	10
acetylene torches	2
dehumidifiers	8
roof bolters	10
automatic control systems	1
needs analysis software	1
belt diverters	1
microsoft frx	7
heat pumps	675
master control switchers	1
opendtect	1
web editing software	2
thermocouples	134
order selectors	24
device driver software	3
ozone generators	2
barcode scanners	14
gage pins	28
rack loaders	1
diameter	2713
borland silktest	1
mixer trucks	2
injection molding machines	95
equipment transport trailers	3
pricing software	27
image analysis software	15
cerner millennium profit	1
silencers	6
safety showers	1
database management system software	1
sterilizers	40
enhanced interior gateway routing protocol eigrp	1
voyage management systems vms	2
statistical analysis software	103
multi line telephone systems	24
programmable logic controllers plc	67
safety boots	78
adobe coldfusion	41
transport trucks	20
phase shifters	6
operator terminals	1
spreadsheet software	2161
timeforce	4
jackhammers	12
humidity chambers	1
player	124742
cch prosystem fx tax	7
protective eyewear	398
clothing presses	6
label makers	8
speech recognition	74
monte carlo software	1
ansys mechanical	8
cadence orcad	10
radio frequency rf scanners	2
microsoft sql server software	4
pile drivers	1
handcarts	3
ball peen hammers	3
air compressors	437
truck trailers	10
billing machines	1
pup trailers	3
platform scales	6
fedbizops	1
energy analysis software	2
flares	32
broaches	8
migration software	19
straight trucks	55
videophones	4
fabric cutters	3
autodesk autocad	70
mortars	6
mendel	1
hand crimpers	1
microsoft visio	439
synthesizers	25
ibm infosphere information server	6
student information systems sis	4
help desk software	32
google analytics	3159
verification software	14
computer scanners	5
value analysis	159
label applicators	2
gauge blocks	32
webcams	19
fleet management software	12
horizontal boring mills	23
stick welders	3
grinding wheels	1
computerized call calendars	2
chain hoists	2
computational fluid dynamics cfd software	2
water softeners	19
plotters	72
plasma enhanced chemical vapor deposition pecvd systems	1
drop tables	1
hoisting equipment	8
security alarm systems	25
extractors	37
digital mapping software	64
socket sets	6
sage 100 contractor	3
jib cranes	104
drawing software	63
c clamps	65
standard screwdrivers	4
electric arc furnaces	2
mac os x	408
fire engines	4
ibm db2	84
desktop publishing software	111
jigs	162
laboratory scales	2
precision levels	4
packet analyzers	29
apache subversion	15
scoops	10
intelius	3
esri arcgis software	6
label making software	1
continuous integration software	6
glass lathes	3
ibm rational clearcase	2
surgical loupes	1
bwa	12
force sensors	26
stress analysis software	3
voltage probes	1
computerized engine analyzers	1
thermocyclers	1
swiss style lathes	15
defect tracking software	22
passenger vehicles	423
engine dynamometers	1
ironcad	2
swiss screw machines	22
blogger	3056
studio lighting	9
scissors	32
postage meters	12
teleconferencing systems	7
floor jacks	100
mentor software	2
hydraulic benders	1
delcam powermill	15
flow sensors	2
hand torches	2
google maps	182
adp pc payroll	23
zoomerang	16
accounting compliance software	4
mongodb	1884
vibration transducers	2
artificial turf groomers	10
embarcadero delphi	1
personal digital assistants pdas	1
equipment selection	144
automated inventory software	14
coats	55
microsoft sharepoint	1407
ptc arbortext	3
rat stats	3
cost accounting software	6
jenzabar ex	4
headsets	65
business analysis software	21
sap apo	159
glue guns	1
digital editing systems	1
apache webserver	4
interactive maps	3
drop cloths	4
material compactors	1
welding equipment	1184
xifin	1
blackboard collaborate	1
geometrix	20
cable lines	5
client system	10
wedges	7
pneumatic screwdrivers	1
trash bags	3
web conferencing software	7
theodolites	5
electrical switch gear	10
oral expression	103
intuit proseries	151
sales software	1001
handlines	2
ramp meters	1
technology design	200
air heaters	3
troubleshooting software	283
mediawiki	6
opentable software	1
adp enterprise hr	14
computer clusters	1
focus assists	2
lua	115
dictaphones	1
tempworks	4
abaqus software	3
ugs nx	3
aspen plus	49
oracle reports	244
nunit	151
document scanning software	2
system testing software	7
slush machines	1
ssl	794
vignette content management	6
electric trimmers	1
truck mounted cranes	6
trash compactors	7
hec georas	3
mapping software	209
measuring spoons	1
cruisecontrol	64
vacuum cleaners	73
corel wordperfect	4
gas generators	3
spectrometers	15
mapinfo software	4
trizetto qnxt	1
shipconstructor	97
line trucks	30
rubber gloves	10
laminar flow hoods	2
inventory tracking software	400
pressure valves	73
paylocity web pay	3
near vision	533
medical lasers	7
ipconfig	7
power winches	1
minitab software	13
fetal monitors	2
pickup trucks	11
functional testing software	1
scriptella	2
accounts receivable software	46
intuit quickbooks	8
web server software	15
pulleys	48
palm os	6
electric lifts	121
microsoft system center	140
xilinx modelsim	2
flow meters	66
oracle java	101
drying systems	1
microsoft exchange server	153
global navigation satellite system gnss	1
garbage trucks	2
sage peachtree software	2
aderant compulaw	1
compression testers	3
hewlett packard hp ux	1
computerease software	8
compulaw vision	1
microsoft exchange	885
ibm rational requisitepro	3
portable computers	2
atomic absorption spectrometers	1
personnel lifts	3
water filters	3949
torque drivers	8
tugboats	49
shotguns	6
vacuum chambers	18
document scanners	11
grills	656
jda master planning	3
emc symmetrix dmx	6
impact drills	1
hearing aids	382
photocells	2
scissor lifts	47
google spreadsheet	2
mixing tanks	6
pull testers	5
integration testing software	3
aerosol generators	1
ploticus	1
viscosity meters	24
tableau software	7
rulers	398
sony sound forge	9
remote access servers	4
steam kettles	8
string trimmers	4
magnifiers	3
remote sensing equipment	1
drift pins	1
auto	293496
weight machines	1
oxygen analyzers	11
blogging software	5
successware	6
wrench sets	1
google drive	21
computer aided design cad software	44
integrated bridge systems	2
power analyzers	3
interferometers	4
load cells	53
warehouse management system wms software	3
embroidery machines	6
diesel powered generators	4
oracle recovery manager	4
portfolio management software	28
gas burners	7
standard generalized markup language sgml	2
microsoft internet information services iis	11
ice machines	139
oracle sql plus	28
records management software	9
ibm rational build forge	2
visualization	1308
email software	97
photo editing software	21
accessdata ftk	5
emulsifiers	8
pruning saws	15
oracle weblogic server	12
discriminators	8
deep fat fryers	15
isolators	9
plastic injection molding machines	8
routing software	161
welding torches	7
rotary cutters	1
flow transmitters	5
boom lifts	28
disc sanders	4
drain augers	1
optical disk drives	3
inventory software	439
microsoft active directory	465
spring	9857
webinar software	4
speed indicators	2
power brakes	5
load frames	5
laboratory balances	1
monte carlo simulation software	5
dip tanks	7
flexible endoscopes	3
softpro proform	3
depth gauges	152
kismet	7
rotary evaporators	3
anti spyware software	140
tampers	14
hydraulic pumps	28
routers	3430
optical character recognition ocr software	1
miter saws	20
imaging software	305
core cutters	2
step ladders	135
pay stations	1
microsoft expression blend	5
autonomy imanage worksite	4
soft serve ice cream machines	1
test design software	2
relational database management software	3
distillers	10
viscometers	35
avaya software	7
step stools	9
fire detection systems	4
dynamic object oriented requirements system doors	9
sifters	1
mckesson horizon lab	1
lightning protection systems	5
sybase sql server	162
cutting boards	7
equipment scales	10
micromuse netcool	14
metric weights	2
oximeters	1
latex	516
shapers	64
hand scrapers	1
restraints	350
enterprise resource planning erp software	45
iris	45
work tables	9
emergency alarm systems	2
platforms	11517
bobcats	21
objective c	3230
dead weight testers	1
grading equipment	4
valve actuators	9
data acquisition software	22
blackberry enterprise server	145
meeting scheduling software	1
extensometers	10
logo	4702
voltage testers	2
crutches	1
facilities management software	9
curing presses	1
brake presses	3
computer monitors	89
refrigerant recovery units	27
mathematics	8221
horizontal mills	36
computer server equipment	1
setup templates	1
straightedges	18
esri arclogistics	2
focus software	33
gas chromatographs	12
oracle siebel crm	8
snow blowers	32
crescent wrenches	4
torches	162
digital imaging software	11
reading comprehension	1364
slip rollers	1
cost estimating software	19
peripheral vision	3964
ONET KSA	Count
deductive reasoning	717
coffee makers	2
medical records software	8
sqlite	186
pallet jacks	555
thermal imaging systems	2
scrubbers	158
self contained breathing apparatus	16
reverse osmosis systems	5
tow tractors	3
oral comprehension	87
human machine interface hmi software	1
hammers	221
burners	86
dividers	11
homogenizers	11
ferret	8
hard hats	173
air chisels	2
systems evaluation	60
oracle fusion middleware	117
diaphragms	1
milking equipment	1
siemens nx	31
sand	367
hand clamps	1
spray guns	35
data warehousing software	1
trimble gps pathfinder	1
knee mills	25
sap maintenance	57
pike poles	1
customer information databases	1
synopsys primetime	1
sabre software	1
plunger lifts	2
cadence orcad pspice	1
fear	412
sas software	18
solidworks enterprise pdm	3
monster com	2178
data modeling software	16
plumb bobs	12
impact software	14
audio recording equipment	4
national instruments teststand	7
mechanical presses	6
windows kernel debuggers	1
linear accelerators	4
film plates	2
fire extinguishers	58
chart recorders	11
saws	1249
complex problem solving	377
security cameras	28
music software	2
turret lathes	2
maintenance planning systems	1
ultimate software ultipro	7
foamers	2
signal conditioners	25
multidimensional expressions mdx	1
work boots	240
needle machines	1
quantitative analysis software	1
multilimb coordination	30
lifeboats	25
vacuum lifters	1
flat files	36
unix	19513
push mowers	1
ibm websphere	260
web based information systems	6
surface plates	43
film extruders	1
hydraulic lift systems	4
thermal processing equipment	3
leak detectors	9
orbital sanders	1
bench grinders	5
objective caml	16
vacuum coating systems	3
blower doors	1
atlassian confluence	11
jibs	4
oil coolers	1
hoppers	276
handlifts	2
sap business one	101
computer diagnostic devices	18
gas chromatographs gc	1
oracle software	393
security surveillance systems	5
electronic measuring devices	2
clustering software	3
induction heaters	2
hones	10
piston pumps	9
curling irons	1
handguns	2
lyophilizers	7
atlas ti	2
steppers	16
rapid prototyping software	6
hyperion enterprise	737
m code	14
vernier calipers	41
reverse engineering software	2
video switchers	7
cutting machines	41
yield management systems	2
bing	398
vector network analyzers	7
database design software	11
hearing sensitivity	7
shredding machines	1
transcribing equipment	1
image scanners	3
pruners	10
pascal	44
distance learning software	1
scheduling software	1627
ratchet jacks	4
video editing software	78
recovery units	31
flasks	6
coin machines	3
mcg software	1
hard toed shoes	5
visual lease	1
portable battery chargers	1
large format plotters	10
apple macintosh os	3
protective latex gloves	7
volt meters	46
exact software	5
social perceptiveness	727
grooming tables	1
national instruments labview	39
flame cutting equipment	3
equipment rollers	3
outlooksoft	17
soldering equipment	43
projection screens	1
thermal chambers	18
impedance meters	1
induction furnaces	2
wood chippers	4
turning lathes	6
parthenon	1
electric drills	11
microsoft sql server compact	1
membrane filtration systems	17
lathe machines	20
force platforms	1
chokers	6
data transfer software	2
report writing software	54
x ray generators	2
height gauges	111
reverse osmosis equipment	3
social networking platforms	20
ajax	19009
pi tapes	1
portable drills	2
microsoft office frontpage	6
boring mills	64
insulin pumps	6
pressure indicators	20
audacity	38
laser measuring devices	1
automated financial software	3
handheld computers	10
water levels	20
centrifugal pumps	33
network analyzers	129
sound systems	218
map templates	1
bearing pullers	6
holding jigs	2
industrial sewing machines	3
mentor graphics modelsim	10
jd edwards software	131
hyperion software	22
ice hockey sticks	1
turning centers	97
impact wrenches	1024
eclipsys sunrise clinical manager	3
audio amplifiers	4
disk grinders	1
scribes	15
pointers	15
bedpans	2
insufflators	1
tophat	1
oxyacetylene welding equipment	6
video surveillance cameras	1
caulking guns	5
safety eyewear	5
digital image processing software	3
chain falls	18
piezoelectric sensors	35
card readers	24
fasta	3
environmental ovens	1
digital copiers	26
oracle designer	22
self	88434
feeler gauges	29
microsoft office software	4537
quality control analysis	70
biology	5187
image processing software	11
microsoft windows	35359
point of sale terminals	782
financial modeling software	15
gas expanders	2
beverage machines	3
novell netware	39
speed wrenches	1
engine lathes	28
microsoft word	36139
rotating equipment	592
microsoft project	2972
forklift trucks	68
scilab	1
climbing structures	9
schematic capture software	24
sheet metal gauges	1
gear pullers	1
wire cutting machines	19
magnetometers	7
profilometers	11
taps	52
microsoft visual interdev	2
label inspection systems	1
draglines	58
operating system software	106
blinds	647
strapping machines	5
steam turbines	68
fire vehicles	4
legal research software	3
ratchets	153
electric generators	3
onyx software	2
job tracking software	3
rotary tools	5
sewing machines	60
nutrient analysis software	4
call center software	45
ibm rational application developer	4
sheet metal brakes	1
surgical robots	2
vacuum gauges	2
telelogic system architect	1
audio speakers	1
sage timeslips	3
laser cutting equipment	2
microsoft visual studio test professional	3
lifelines	4
safety shoes	331
ostomy products	15
food production	7607
carbon analyzers	2
panel saws	1
adp etime	78
productivity software	328
offset presses	5
flatbed trailers	14
hydraulic pumping systems	2
microsoft front page	6
molding presses	40
digital protractors	1
oracle warehouse builder	19
air conditioning units	708
radio communications systems	8
platemaking equipment	1
c	120273
microplate readers	2
vacuum trucks	18
incubators	16
pentaho kettle	2
nasal cannulas	1
night vision	45
box wrenches	2
ibm informix	33
transfer pumps	9
appraisal software	14
blood tubes	1
digital multimeters	36
c shell	131
readsoft software	2
portable ladders	7
light meters	1
scientific calculators	2
wet scrubbers	3
magnetic resonance imaging mri equipment	1
laparoscopes	35
vans	1298
route	95715
digital volt meters	6
air scrubbers	2
ibm i	4
apple final cut pro	10
etap software	7
dbsnp	2
sine bars	3
cable cutters	6
parachutes	10
cufflinks	1
learning management system lms software	3
meat slicers	3
portable cranes	3
flow control devices	1
abrasive stones	4
air hammers	6
all terrain vehicles atv	1
bugzilla	314
internal audit software	9
magma	20
electrophoresis equipment	1
control precision	39
temperature controllers	11
hand snips	2
graphing software	3
text to speech software	1
reflectometers	19
sendgrid	1
tablet computers	5
android	7700
windows media player	79
patient simulators	31
fluid pumps	2
spectrum analyzers	361
microsoft sql server reporting services	38
optical gauges	1
cabin management systems	1
lift trucks	217
loader backhoes	1
microsoft access	4592
chippers	12
disc grinders	1
hardness testers	51
snow plows	16
hand stamps	2
oracle sql loader	3
manlifts	16
reflow ovens	54
load testing software	2
flowcharting software	41
crm software junxure	1
cadence concept	18
skill	98103
veritas netbackup	33
bicycles	21
razor blade knives	1
informatica powercenter	41
rigging equipment	27
emergency lights	6
flow cytometers	3
microsoft excel	99087
open shortest path first ospf	1
motor graders	5
levelers	28
amp meters	20
presentation software	884
squeegees	3
disk storage systems	3
anechoic chambers	1
gas welding equipment	2
xquery	84
oil distributors	2
google webmaster tools	33
air dispersion modeling software	3
cargo trailers	6
data warehouse appliances	1
twitter	32064
force transducers	2
membership databases	1
paint mixers	1
microsoft great plains software	3
storage compartments	2
compression tools	2
concrete mixers	1
bullhorn applicant tracking system	1
forks	87
blasthole drills	1
cable locators	3
perforce software configuration management system	2
autotask	45
skid steers	106
copy machines	119
slide projectors	1
oracle self service human resources	1
grinders	1438
ice packs	2
joomla	695
sledgehammers	380
google calendar	42
protractors	31
seeders	266
work vans	1
output meters	1
dictating equipment	9
ohm meters	12
database management system dbms software	1
robotic control software	3
display screens	4
optical filters	1
global positioning systems gps	9
floor buffers	15
pattern generators	1
ibm rational data architect	1
cable testers	59
attask	21
image management software	4
medical imaging software	1
gold testers	2
diggers	15
honing machines	1
deltek vision	235
pronto xi	2
humidity sensors	3
multimeters	157
firewall equipment	2
google doubleclick	9
splints	3
work trucks	5
fume hoods	10
stepladders	16
beading machines	1
soldering tweezers	3
mini excavators	39
delcam featurecam	3
night vision goggles	1
oil filters	75
jitterbit	3
equipment trailers	17
snips	105
jig bores	8
razor knives	40
file servers	36
ladder logic	661
torque transducers	14
network security software	7
traction equipment	1
decibel meters	25
budgeting software	33
central venous catheters	1
portable generators	2
softice	32
conductivity sensors	8
account management software	36
hand wheels	1
analytical software	180
arbitrary waveform generators	102
ONET KSA	Count
environmental chambers	16
assembler	1377
surface finish comparators	2
mailing machines	7
multi function printers	12
emboss	1
human resources software	4
blood glucose monitors	1
sage abra	23
testing software	250
cappers	40
inspection microscopes	10
drafting software	122
extent flexibility	7
game calls	3
straight snips	22
scouring pads	2
squares	105
contact management software	475
drill presses	248
diffusion pumps	3
dock boards	3
automatic slicers	1
pipe taps	1
google gmail	17
parts database software	1
anvils	4
washing machines	9
microsoft dynamics nav	109
laboratory information management system lims software	1
pointing devices	3
axes	410
accumulator systems	11
water pumps	109
graphics creation software	2
shell script	78
digital readouts	4
canes	64
rakes	28
filemon	29
materials management software	7
foot rollers	1
weed cutters	1
cost tracking software	9
esri arcims	1
oracle dbms	60
manifold gauges	1
external hard drives	9
arm hand steadiness	27
label printers	26
graders	40
selective attention	149
oracle data integrator	102
ostomy equipment	1
microsoft windows xp professional	9
transcription equipment	3
x ray spectrometers	1
turning machines	44
esri software	7
steam sterilizers	10
espresso machines	6
client databases	11
forklifts	1876
optical power meters	19
belt scales	10
motion control software	5
on board computers	46
deltek software	52
plant maintenance software	1
ansoft software	2
oracle business intelligence suite	4
power presses	1
vector signal generators	103
bandsaws	4
material dollies	2
refrigeration units	638
turbine generators	8
strobe lights	55
lottery machines	159
user interface design software	12
haskell	52
mobile radios	4
helium leak detectors	1
mail bags	2
oracle enterprise manager	50
steam tables	64
welders	1526
interactive whiteboards	12
video monitoring systems	1
doe 2	13
vertical turning centers	1
tape machines	7
power brake systems	4
flow recorders	5
scrum software	77
water removal pumps	1
motorized carts	3
ptc creo parametric	3
wrapping machines	6
questionmark perception	1
freeze dryers	1
nut drivers	24
pottery kilns	2
light curtains	8
straps	296
spring framework	222
vacuum furnaces	1
deployment software	28
telehandlers	7
body armor	3
gas detectors	36
video recorders	17
microsoft activesync	5
threshers	1
moisture meters	10
peoplenet	24
bailers	1
chemical fume hoods	1
blenders	50
meditech hcis	4
banding machines	1
power drills	2
tape recorders	3
oracle hris	5
quality control software	2
laboratory coats	1
computer servers	14
financial calculators	52
microsoft frontpage	12
ceridian software	27
telemetry units	2
balance scales	5
structure query language sql	6
label printing software	1
humidification equipment	2
robotic simulation software	1
analog multimeters	1
dig	3961
route cases	1
cutting blades	9
desktop computers	110
soccer balls	6
infor xa	8
tapping machines	1
saba centra	1
solidworks cad software	27
air lifts	2
computer graphics software	3
dental charting software	3
micro welding equipment	8
heating boilers	4
protective goggles	2
corel painter	8
graphics software	214
communication boards	1
zend framework	171
sap software	808
delivery vans	1
soldering machines	2
workflow software	36
headphones	22
binding machines	4
datatel colleague	2
battery analyzers	25
jib hoists	2
myspace	2466
computer records systems	1
reporting software	320
crowbars	2
curing ovens	1
hydraulic cranes	3
ph meters	22
production planning software	6
footballs	4
techsmith snagit	20
pick software	10
ibm cognos	128
ultraviolet spectrophotometers	1
scheme	779
automated filing systems	1
disks	34
surround sound systems	200
network storage arrays	3
practice management software pms	4
seismic interpretation software	1
editing software	258
soldering irons	46
data warehouse software	1
gas consoles	159
pipe benders	8
levels	106857
r	56514
synopsis design compiler	4
vmware workstation	15
pigs	48
samba	47
laser cutting machines	12
jigsaws	3
polishing wheels	15
tweezers	59
date stamps	1
oil furnaces	4
harvesters	255
graphics editing software	4
somat edaq	9
fumigation equipment	1
time reporting software	1
microsoft visual sourcesafe	5
communications boards	1
mcafee virusscan	5
steel toes boots	3
massage chairs	2
emergency generators	28
overhead hoists	3
equest	38
polarimeters	3
packet sniffers	13
play structures	5
paint booths	73
database reporting software	1
simulation software	213
microsoft internet information service iis	3
needles	142
multi axis mills	3
diagramming software	7
hydraulic excavators	5
rockwell software	91
oracle pl sql	1889
radar systems	25
dishwashing machines	8
bioreactor design	1
database software	1670
time sharing	5
logic probes	3
microsoft sql server integration services ssis	3
coordinate measuring machines cmm	17
power sensors	1
common gateway interface cgi	3
bucking bars	5
digital paper	5
trackhoes	3
load balancers	548
pistols	1
ultrasonic cleaning machines	19
manual mills	36
configuration management software	68
paychex preview	12
video screens	39
flow gauges	1
ptc pro intralink	2
pry bars	42
pulse generators	12
electronic comparators	1
heat treating furnaces	4
lapping tools	1
splunk enterprise	2
force gauges	8
power generators	38
tensile testers	5
disaster recovery software	3
applicant tracking software	29
fluorimeters	1
conveyor belts	26
current clamps	1
measuring microscopes	2
manual grinders	1
benelogic	2
javascript	39124
active directory software	2
wind tunnels	10
punches	56
derive	199
agar plates	1
wire strippers	59
receipt printers	3
sample bottles	3
operation monitoring	65
front end loaders	45
cultivators	10
intercom systems	176
paraffin baths	5
low boys	5
total organic carbon analyzers	1
agitators	46
bar folders	2
titrators	10
signal generators	229
rivet guns	25
t birds	2
manure separators	1
packaging machines	52
novell groupwise	8
operations analysis	153
ez software	3
alidades	2
planswift software	1
mail sorting equipment	3
displacement transducers	7
"c "	1597
disk storage units	1
spss software	9
grinder machines	3
capillary tubes	1
adp ezlabormanager	2
weather stations	1
ngrep	1
smartphones	295
ambulances	2
switchboards	77
avid media composer	17
digital cameras	369
stuffing boxes	1
fire suppression systems	50
sonic cleaners	2
bentley microstation	94
wrist finger speed	1
refrigerated coolers	3
fire alarm systems	218
surveillance cameras	32
intercom equipment	1
warning horns	13
cadence pspice	2
parallel systems software	10
wrench pliers	6
notebook computers	22
hydraulic control systems	6
written expression	52
chipping hammers	1
food slicers	3
machine rollers	1
tin snips	2
videotape machines	1
bucket elevators	11
animation software	11
trivantis lectora	3
chemical injection systems	3
climbing hooks	2
wheelbarrows	8
auditory attention	3
enterprise content management ecm software	21
chemistry	12079
sitecore cms	61
fund accounting software	38
emery cloths	4
goggles	331
oracle jdeveloper	46
articulating boom lifts	7
anemometers	2
passenger cars	72
surge protectors	8
robotic laboratory equipment	6
digital video recorders	9
swing stages	2
bookkeeping software	26
power sweepers	2
shovels	490
persuasion	4864
radar equipment	1
iron workers	19
daily manager	3
hole punchers	3
die cutting equipment	3
medical billing software	131
engraving machines	1
cardiac monitoring equipment	2
cash drawers	72
lucidchart	1
dosimeters	2
hydraulic presses	41
internet protocol security ipsec	1
air samplers	1
ibm aix	54
genbank	4
google	14614
life jackets	1
rolling mills	34
delcam powershape	1
heat exchangers	550
customer relationship management crm software	81
data analysis software	41
statistics databases	5
air hoses	10
industrial forklifts	1
sage mas 90	25
frequency counters	27
tankers	2526
internet browser software	2
bucket trucks	49
clerical	373370
graduated cylinders	2
lift stations	58
special agent	570
peak flow meters	1
gauge lines	1
autocollimators	2
horse trailers	6
ultrasonic inspection equipment	3
extraction equipment	5
gas lasers	6
computer simulation software	1
microsoft team foundation server	94
envelope opening machines	3
hand levels	22
needle nose pliers	12
hec 2	3
utility vehicles	28
symantec pcanywhere	2
cost estimation software	3
barcode printers	4
digital levels	2
git	2172
armored cars	1
pressure relief valves	2
dry cleaning machines	7
redmine	58
joiners	2
synopsys design compiler	3
corsim	20
mowers	227
job scheduling software	2
paypal	49
exe	15
remote sensing software	2
chain slings	2
dollies	501
paper shredders	1
commercial dishwashers	1
j	1451
data loggers	23
oracle application express apex	1
psi software	1
electric boilers	1
electric screwdrivers	4
computer keyboards	43
looms	6
reach trucks	119
doxygen	20
beveling machines	2
data collectors	39
lapping machines	3
safety vests	18
ibm infosphere datastage	24
quark xpress	253
steel toed safety boots	2
whiteboards	16
organic carbon analyzers	1
catalytic reactors	1
predictive dialers	19
overhead data projectors	1
x ray equipment	34
oxygen concentrators	2
infrared cameras	2
waste management software	2
requirements analysis software	15
digital mixing consoles	1
tibco spotfire	23
intrusion detection systems	165
mixing machines	1
sign printers	1
chasing tools	7
encoders	599
hockey sticks	1
brush cutting equipment	1
scissor jacks	1
autodesk smoke	6
agency management software	9
ladles	5
circular knitting machines	2
primer3	1
frx software	10
augmentative communication devices	1
mapinfo professional	6
incinerators	8
pneumatic wrenches	12
semaphores	3
chop saws	13
3d graphics software	3
ONET KSA	Count
shazam	4
wordperfect	71
freddie mac loan prospector	7
utility knives	10
ibm middleware	5
coade caesar ii	4
pilot ladders	16
sox cobit	2
aspx	31
industrial ovens	17
welding tools	18
chemical tankers	2
facebook	48151
end loaders	35
emergency diesel generators	1
closed circuit televisions	3
sap r 3 software	1
turbidimeters	1
circuit tracers	1
mentor graphics pads	8
protective safety glasses	2
suction equipment	1
bentley autoplant	60
national crime information center ncic	5
transformers	722
cold rooms	4
food processors	22
sap crystal reports	8
closed circuit television systems	97
numerical analysis software	16
labeling software	2
ca erwin data modeler	1
extrusion blow molding machines	3
nail guns	14
centerless grinding machines	1
variable frequency drives vfd	11
graphical user interfaces gui	2
level indicators	4
meat grinders	1
data management software	72
soldering guns	14
scalers	5
video cameras	38
absorbers	14148
presentation graphics software	139
watir	159
die cutting machines	1
lawson software	115
oracle golden gate	2
case management system software	2
electrosurgical devices	4
image editing software	38
bullhorn	63
spectroscopy software	1
harvest	162
web presses	12
software libraries	11
track loaders	1
digital to analog converters	3
densimeters	8
stick electrodes	1
guidewires	5
elevator systems	5
walmart retail link	1
grease fittings	1
workstations	488
building automation software	2
catheters	55
mobile data terminals	5
bobbins	2
forming machines	22
water purification systems	2
drafting tools	14
vibration analyzers	6
vision systems	277
water hoses	6
hydraulic actuators	8
electronic cash registers	225
google checkout	10
memorization	21
syspro software	9
riveters	1
conventional lathes	4
dehydration equipment	1
digital panel meters	1
monitoring	27478
inductance capacitance resistance lcr meters	1
gating systems	3
income tax return preparation software	1
battery chargers	22
climbing ropes	2
pacemakers	4
truck lift gates	8
oracle sql developer	11
word processing software	1568
peristaltic pumps	2
pyrometers	13
linear amplifiers	12
database security software	1
transmitters	223
icims	39
planers	44
enteral feeding equipment	3
structured query language sql	108
sap scm	21
hand reamers	1
statistical software	649
rotameters	1
electronic access control systems	9
audio recorders	1
hydraulic lift tables	10
chromatographs	18
maintenance software	132
adjustable combination wrenches	1
hand tongs	22
epicor vantage	29
inventory control system software	1
excitation systems	9
scooters	39
crystallizers	10
modelica	58
puppet	510
dial bore gauges	3
scan tools	123
ball mills	9
deburring tools	3
autodesk land desktop	5
portable fume hoods	1
google chrome	179
microstrategy report services	1
scribe	138
velvet	15
process reengineering software	2
autodesk 3ds max	4
print servers	48
ultrasonic instrument cleaners	4
e readers	2
employee self service software	1
esri arcsde	8
softpro software	1
forth	5488
delphi software	1
netstat	63
risk assessment software	4
hand files	2
private practice	148
electronic maps	77
tracks software	4
network design software	2
rta fleet management	1
warehouse forklifts	1
portable grinders	1
roller skates	1254
tax planning software	3
aldus freehand	1
impact guns	1
namd	1
gint software	1
coil tubing units	1
financial competence	3
plows	75
shipping software	80
microsoft bing	9
whirlpool tubs	3
unit testing software	6
sea software	2
digital video cameras	12
unified modeling language uml	63
pneumatic nail guns	3
strainers	9
accelerometers	123
auto scrubbers	3
hcss heavyjob	3
polca	1
radial drills	3
gas grills	1
comparators	169
modulators	9
design	367424
storage management software	7
grails	746
resource management software	98
traceroute	27
video teleconferencing systems	6
dental software	20
solarwinds software	2
label making machines	4
chainsaws	20
oracle e business suite	326
colorimeters	3
combination wrenches	3
excavators	376
peptide synthesizers	3
awk	206
adjustable beds	17
video projectors	1
qad mfg pro	13
fermentation systems	2
apple safari	4
precision gauges	12
threading machines	26
electrostatic precipitators	7
heart rate monitors	1
physics	4846
chat software	1
programming	46835
sage	37188
box cutters	49
ansoft hfss	11
emissions monitoring systems	2
realpage onesite	20
electric pipe threaders	1
ibm rational clearquest	4
saddle stitchers	1
esri arcview	1
generators	2359
welding gloves	2
pinball machines	1
stackers	15
freight software	2
access servers	9
parallel bars	1
chemical reactors	20
dynamometers	23
temperature gauges	1
cylinders	367
e verify	10418
pipe bending tools	2
socket wrench extensions	6
circuit testing equipment	1
x ray machines	5
perforce software	6
specification software	24
magic	3203
microsoft netmeeting	1
radio beacon wms	2
motor vehicles	5669
transportation	825494
continuity testers	1
clarifiers	105
impression trays	1
air drills	1
orthotics	45
tripods	3
digital audio recorders	1
video surveillance systems	19
thermal printers	7
heat sinks	25
as 400 database	1
microsoft visual studio net	46
tri squares	1
digitizers	4
vertical furnaces	13
installation	58497
client billing software	1
calculator software	1
hot dog cookers	160
rollers	53
microsoft asp net	90
file cabinets	64
shearing machines	1
cooking vats	1
multiline telephone systems	3
laser scanners	7
blackbaud the financial edge	2
artificial intelligence software	10
business intelligence software	2079
meat saws	2
diameter tapes	8
phillips head screwdrivers	4
griddles	37
personal protective equipment	4089
ruby	15804
safety goggles	33
motion graphics software	1
pasta cookers	2
sound boards	2
large format printers	5
autodesk inventor	274
utility pumps	1
inventory control software	49
winches	20
garbage disposals	25
line trimmers	5
gyroscopes	7
clarizen	4
cordless drills	7
ventilation equipment	34
depth perception	24451
sweepers	118
microsoft visual basic	147
back braces	5
power jacks	37
cruise ships	99
transportation management software	27
statistical process control spc software	9
site manager	382
distortion analyzers	7
spindles	28
pressure sensors	39
mixers	900
knives	3838
lifting systems	2
shackles	2
cystoscopes	36
addressing software	95
steamers	18
test automation software	13
durometers	2
aerial lifts	75
g code	413
ext js	178
appliance dollies	36
order pickers	101
finite element analysis software	22
fiber optic power meters	2
boom trucks	13
idx groupcast	5
vacuum wands	1
adp enterprise etime	14
calendars	532
delcam software	1
density meters	1
bite wings	1
automated pipettes	2
front desk software	1
meters	2023
aspen	1314
data mapping software	1
drying ovens	2
teradata database	3
instructional software	2
techsmith camtasia	5
bucket lifts	1
perceptual speed	2
warehouse management system software	2
three dimensional modeling software	3
cnc mastercam	10
sirsidynix symphony	2
dataloggers	3
hedge trimmers	8
billing software	329
bridge design software	25
planisware	6
radio telescopes	1
beam clamps	4
lawn mowers	49
refrigerant compressors	5
oracle application server	57
apache pig	11
electric saws	1
microsoft office	225979
slings	33
mail bins	11
ezclaim	1
orifice plates	2
infinityhr	3
cadence software	2
thermal imagers	6
corel paint shop pro	1
vine	47
voice switches	2
rotary grinders	21
microprocessors	270
wheel loaders	55
hcss heavybid	14
storage servers	56
vmware esx server	21
wordpress	4955
myers briggs type indicator	5
osteotomes	1
service orientation	12662
reduce	3800
data validation software	1
medical information databases	1
spades	1
directory servers	11
logic analyzers	269
hatchets	6
hand drills	28
cardiac monitors	8
cad cam software	137
apple macintosh os x	2
microsoft dynamics crm	518
thomson reuters endnote	3
guillotine cutters	1
siemens teamcenter	5
automatic call distribution acd system	5
leaf blowers	9
hand held radios	19
anesthesia machines	1
microsoft sql server reporting services ssrs	14
microsoft operating system software	1
requirements management software	10
leak detection equipment	7
optical mounts	1
atmosphere furnaces	1
sortation software	1
particle counters	19
polishers	29
portable fire extinguishers	7
slicers	113
laser cutters	2
oracle jd edwards enterpriseone	3
thermal imaging cameras	2
power planes	1
personnel scheduling software	1
shears	128
safety glasses	2563
fyke nets	2
flow chart software	3
precision grinders	6
business accounting software	22
hydraulic jacks	7
youtube	1848
mid range computers	1
weights	1735
terminal crimpers	3
cmake	23
ONET KSA	Count
cryostats	2
microsoft visual basic net	4
infrared scanners	1
tissue processors	9
project net	2
crimping lugs	5
microsoft sql server	5827
switch machines	6
squaring shears	2
photocopiers	82
resurfacing machines	4
pro e cad software	6
nitrogen analyzers	2
industrial overhead cranes	83
brioquery	4
two hole pins	1
penta software	1
speech recognition software	2
liquid pumps	7
menu planning software	3
ultrasound probes	1
scrapers	20
sand blasters	2
circuit analyzers	2
helium tanks	1
sybase sql anywhere	11
paint spraying equipment	3
brokerage software	1
autodesk viz	2
monorails	6
densitometers	25
oracle peoplesoft financials	9
screw conveyors	14
stadia rods	2
relational database software	14
manhattan scale	5
arc welding equipment	16
blackboard learn	7
bourne shell	10
geophones	1
touch screen monitors	1
ring gauges	31
hand jacks	156
intrusion detection system ids software	1
oars	3
sap ehs management	1
equipment dollies	5
cutting dies	3
grinding machines	19
automatic switches	1
capacitance testers	1
cutting pliers	1
wide format printers	9
clinical trial management software	3
steam cleaning equipment	20
board testers	1
stereo microscopes	2
backwash filters	1
horizontal band saws	1
nebulizers	11
google adwords	1451
mcafee software	1
application servers	671
check processing software	2
wrike	3
polarizers	4
hec ras	49
photometers	1
fiserv software	5
welding robots	15
desoldering stations	1
scaffolding	490
color copiers	6
sausage machines	1
spatial orientation	49
litigation support software	12
webtrends analytics	9
rockwell rslogix	15
cable pullers	76
ups worldship	42
chucks	22
height micrometers	3
ice cream machines	1
work order software	7
hammer drills	5
nbtstat	2
brush cutters	10
rate control	40
pneumatics systems	13
web servers	446
belt sanders	7
computer aided manufacturing cam software	1
fryers	603
fertilizer spreaders	11
cci newsgate	1
blackboard wimba	1
crane trucks	9
nitrile gloves	1
urinals	7
flail mowers	11
flexographic presses	4
transducers	162
mechanical restraints	1
chemical mixers	7
video diagnostic tools	15
lenel onguard	10
flow indicators	1
eyewash stations	1
diagonal cutters	5
robotic arms	56
alignment tools	10
conveyor belt systems	1
mobile computing devices	16
emulators	234
bentley projectwise	5
certain software	5
dynamic message signs	1
rotary dryers	3
wire crimpers	9
articulate storyline	71
power grinders	4
mobile cranes	10
document publishing software	1
precision scales	3
drafting instruments	1
allen bradley panelview	5
number facility	16
plate heat exchangers	1
esri arcgis	70
ring saws	10
google docs	220
stamping dies	38
oracle weblogic	63
autodesk autocad software	4
cut resistant gloves	4
multiprotocol label switching mpls	5
pipe threading machines	1
allen wrenches	16
evaporation systems	3
email servers	11
borers	9
seamers	4
computer imaging software	1
risk management software	75
sas jmp	20
calipers	1994
apple quicktime	74
golf clubs	29
thermal analysis software	3
explosive detection systems	2
gram scales	10
xml authoring software	11
measuring tapes	7
power rollers	1
snakes	5
pedestal grinders	1
trim presses	1
compactors	116
ruby on rails	61
broaching machines	4
holding tools	2
water blasting equipment	1
grinding mills	3
conveyor systems	265
compasses	6
sprayers	331
psychology	56545
heat treating equipment	3
frequency drives	341
gas meters	7
fall protection equipment	8
ansys software	5
mixing bowls	5
business objects data integrator	3
hand shields	1
email management software	1
anthillpro	9
telescopes	4
safety toe boots	2
junit	1505
database application software	7
blat	3
interwoven software	1
half face respirators	2
enertia software	17
switch controls	1
turbine pumps	51
air guns	1
pneumatic conveyor systems	2
hand augers	3
power washers	4
instagram	622
counseling software	1
novell edirectory	14
magnetic separators	1
bea tuxedo	7
reservation software	315
microsoft visual studio	434
dust masks	9
screwdriver sets	1
fitnesse	151
vertical mills	34
statistical energy analysis sea software	2
handtrucks	15
threaders	9
teleconferencing equipment	8
impact drivers	1
jet skis	2
jaw crushers	2
project open	8
convection ovens	8
compact tractors	1
microsoft windows xp	286
encryption software	6
diesel engines	2260
machining centers	288
cutting equipment	125
scanners	2393
shaker screens	5
drill grinders	12
extruding equipment	4
timeline software	1
side cutters	4
motorcycles	194
social media software	5
automated locks	2
outriggers	25
retractors	2
contact management systems	574
connectivity software	5
information builders webfocus	5
harrows	53
power saws	409
dump trucks	55
knuckleboom loaders	24
sas enterprise miner	13
trowels	4
protective shoes	2
ground penetrating radar gpr	1
megohmeters	3
laser measuring equipment	1
careerbuilder com	4372
limit switches	48
category flexibility	1
cygwin	46
sales management software	102
stands	2175
work platforms	45
debuggers	253
xata xatanet	1
physical access control systems	5
sap inventory software	20
sample presses	2
tow vehicles	7
hearth ovens	22
vacuum systems	121
gas stoves	1
paint brushes	7
brightree software	22
tire irons	1
submersible pumps	4
autodesk building systems	1
stamping equipment	9
applied systems vision	1
kornshell	7
dice	90
cutting plotters	1
estimating software	533
analyz	1
microsoft office mobile	3
hand scanners	2
verilog	1260
boilers	2154
power amplifiers	93
call recording systems	24
strollers	4
client information databases	2
steel toe boots	569
chain saws	56
filing cabinets	39
made2manage software	1
riding mowers	20
apple iwork software	1
torque meters	4
order management software	34
channel banks	6
platform lifts	249
router software	10
filtering equipment	1
microsoft sharepoint software	4
network protocol analyzers	14
single needle sewing machines	1
asset management software	33
welding shields	1
handsaws	7
free weights	11
dial gauges	8
tube benders	4
fall protection harnesses	1
project portfolio management ppm software	1
computer modeling software	3
digital calipers	13
survey meters	6
aerial lift trucks	1
minitab	1400
active listening	29674
exacttarget software	3
database management systems	386
smoke detectors	28
measurement calipers	1
microsoft works	38
intuit quickbooks software	1
sound level meters	2
cutting torches	31
diesel motors	3
project scheduling software	79
minesight software	1
pallet movers	1
automatic labeling equipment	6
esri arcpad	1
telecommunications	354887
red hat enterprise linux	93
booms	128
network cabling systems	1
snort	92
hardware description language hdl	1
hard disk drives	9
instructing	835
prezi	171
die cast dies	1
teradata fastload	1
anchors	79
radio telemetry equipment	2
network management software	23
cones	7
revolvers	3
ibm rational doors	21
pharmaceutical software	31
distillation columns	26
ca siteminder	50
passenger buses	7
gill nets	2
spirit levels	1
lockboxes	3
surgical lasers	1
panel boards	74
coulometers	1
apache http server	35
author it	6
blowguns	3
conveyer belts	1
steam hoses	2
time domain reflectometers	19
revit	1368
stabilizers	13
web browser software	7
tank trailers	37
overhead cranes	548
watt meters	4
leather gloves	3
wire locators	6
metal shears	1
hydraulic pullers	4
spotlights	86
autopipe software	1
epidural catheters	3
moisture analyzers	5
epic systems software	1
food warmers	4
alignment machines	12
safety gloves	13
extension ladders	568
microwave ovens	191
brush trimmers	11
tool grinders	27
air cooled condensers	1
quadrupole mass spectrometers	1
currency counters	9
twiki	3
face shields	46
plastic profile extrusion dies	1
debugging software	45
remote access software	18
coordination	21156
hacksaws	10
trimble terrasync	1
screwdrivers	333
report generation software	3
thermal cyclers	2
reactors	87
apache solr	17
glycol dehydration systems	1
microsoft hyper v server	12
filter presses	1
videoconferencing equipment	3
starlims	1
session initiation protocol sip	20
wildland fire engines	2
snowmobiles	23
electron microscopes	9
heat recovery steam generators	8
cst microwave studio	2
carlson software	5
sprinklers	57
gage blocks	26
machine control systems	57
parasoft soatest	4
wireless network controllers	1
reaction time	31
allscripts pm	2
radar software	1
fire hose nozzles	1
pvsyst	20
four cycle engines	2
b method	5
sealing machines	7
shrink wrap machines	7
archon	2
video recording systems	1
costumes	17
burnishers	88
turret presses	18
accounting software	10298
guides	1618
manual pipettes	1
vertical boring mills	24
industrial vacuum cleaners	3
scanning software	35
digital projectors	7
bore gauges	26
explosives detectors	1
telescopic forklifts	1
spray bottles	4
framing squares	6
impact hammers	26
signal analyzers	33
thread gauges	23
accelrys pipeline pilot	2
water meters	1
troubleshooting	35602
temperature data loggers	1
qualitative analysis software	1
modeling software	821
electrical diagnostic tools	1
floor scrubbing machines	1
function generators	38
electronic data interchange edi systems	1
rotary screw compressors	12
scan converters	2
disk grinding machines	4
first aid kits	1
jacks	1478
stair climbing machines	1
gasoline engines	128
document imaging software	7
voltmeters	178
turret rewinders	2
computerease	200
check encoders	531
planters	62
dust collection systems	3
articulate rapid e learning studio	1
screen printing presses	1
algae	8
micrometers	1811
seomoz	53
abbot	1
access control systems	219
commercial sewing machines	11
electrode holders	1
labeling machines	11
dialysis machines	37
digital voltmeters	22
monitors	17735
grease guns	327
optical flats	1
balers	265
ohmmeters	37
centerless grinders	20
electronic medical record emr systems	6
inventory management software	57
motion control systems	78
workforce management software	61
biosafety cabinets	1
coreless induction furnaces	2
applied computer systems jobpower	8
water jets	7
lubrication systems	63
welding guns	1
communications computers	11
emergency carts	10
carpenters levels	1
allscripts	5835
ONET KSA	Count
reference management software	2
loupes	1
file management systems	7
calyx point	481
power lifts	7
data extraction software	11
motorboats	2
stripper columns	1
apple cocoa	4
combination squares	10
face masks	10
scraped surface heat exchangers	1
security monitors	1
software distribution management software	1
maxscript	2
pneumatic staplers	2
trolleys	1
combustion engines	206
tanks	860
filtering devices	2
audioconferencing systems	1
conduit benders	11
straight edges	4
air gauges	3
manual dexterity	9429
control system software	12
ditchers	4
drill casings	18
television cameras	2
rescue boats	56
warp knitting machines	2
electronic health record ehr software	1
3m encoder	6
safety cones	1
pressure transmitters	26
screeds	1
automated immunoassay analyzers	1
computer aided engineering cae software	1
laptop computers	64
relational database management system rdms	2
ibm rational software	3
propane torches	20
apache struts	29
camera lenses	4
core drills	9
mechanical hoists	5
energyplus	6
blood pressure cuffs	1
hotspot	10
taper gauges	2
arrow boards	1
pneumatic grinders	1
gaffs	5
optical spectrum analyzers	22
dry mops	4
exercise bikes	4
morningstar principia	2
excavator	95
pressure washers	85
staging platforms	1
ion chromatographs	1
hand grinders	32
learning strategies	44
fitness machines	1
desire2learn	5
wiki software	4
vacuum filters	2
patient stretchers	1
immunoassay analyzers	1
english language	63264
bioperl	10
bar code readers	1
electric ovens	2
roll benders	1
navigation software	152
bash	1228
directory software	3
rheometers	4
webct	10
motherboards	72
inductive reasoning	463
curing equipment	2
flight simulators	2
production and processing	2
weight belts	8
hand saws	13
microstrategy desktop	2
folding equipment	2
metal stamping dies	8
exact max	1
wheeled carts	45
microsoft dynamics software	8
waveform generators	106
erp software	2464
customer information control system cics	2
smart phones	3633
spreaders	34
hematology analyzers	1
power monitors	1
advent axys	63
ion chromatography equipment	1
gibbscam software	7
particulate filters	16
dial calipers	47
riggings	6
bloomberg professional	33
signal lights	1
curve tracers	1
proof machines	1
gis software	99
masks	71
digger derricks	91
charting software	31
wigs	1
sap business intelligence	35
rock trucks	2
heat guns	1
drag conveyors	2
dry cleaning equipment	5
autodialers	1
microsoft dns server	1
wire gauges	1
powered industrial trucks	26
laser alignment tools	1
defense travel system	6
metal lathes	16
lasers	252
long nose pliers	3
wheelchair lifts	243
mining shovels	1
poker tables	2
image capture software	3
air monitoring equipment	15
chain conveyors	14
beakers	4
tow lines	1
walkers	17
mckesson practice plus	2
handheld scanners	2
end wrenches	6
survey software	28
electric wheelchairs	1
tube cutters	20
maintenance planning software	140
nasogastric tubes	2
real time operating system rtos software	1
water spraying equipment	1
wire snips	36
condensers	146
backhoes	99
optical sensors	9
buffers	76
ehr software	16
maintenance tracking software	1
payroll software	661
log stackers	1
ibm director	507
fluorescent lamps	2
laser systems	18
dicers	4
flame ionization detectors	7
microsoft dynamics sl	150
circuit simulation software	4
spectrophotometers	22
digital video equipment	60
sales force automation software	3
atlassian jira	17
satellite telephones	1
orcad capture	16
cold packs	3
ethereal	100
braces	29
symantec norton antivirus	1
material hoppers	1
jet	389
circuit testers	4
contract management software	25
spray booths	1
ventilators	22
amplifiers	367
carlson survey	1
differential amplifiers	6
baking equipment	52
laser micrometers	5
video game consoles	4
burs	1
thermal fluid systems	2
combine harvesters	4
electronic scales	18
atmosphere monitors	9
molding machines	176
syringes	24
cement pumping equipment	5
aztec	6
oracle inventory	33
1 2 3 blocks	1
solid ink printers	1
telemetry equipment	4
vinyl gloves	1
digital resistance meters	1
regmon	2
mainframe operating systems	3
speaking	81988
financial accounting software	74
arbor presses	8
soldering stations	7
rotary kilns	4
power shovels	6
hypertext markup language html	8
bridge cranes	9
rototillers	7
dust mops	12
altimeters	2
ball gauges	1
call accounting software	2
electric stoves	2
positioning equipment	15
water heaters	792
digital voltage meters	2
power quality meters	3
go no go gauges	25
drifts	43
web page design software	4
risk analysis software	5
spiral freezers	5
tax accounting software	37
coeus	1
forced draft blowers	1
virus protection software	7
stock pickers	3
deltek costpoint	308
transact sql	277
oracle peoplesoft	1547
gauges	4605
current probes	9
mass spectrometers	4
rectifiers	28
jeweler s screwdrivers	3
clean room suits	3
postgresql software	5
cutting wheels	1
financial reporting software	57
laser levels	1
diamond wheels	1
sybase powerbuilder	2
microsoft virtual server	6
blown film extruders	1
charging cylinders	1
paintbrush	1
grids	123
fusion splicers	1
diesel driven generators	2
electrosurgical units	1
node js	640
portfolio analysis software	2
energy 10	13
filters	20085
forktrucks	2
cad cam	743
icam cam post	45
pagers	7
thickness gauges	7
automated payroll software	3
cppunit	55
portable pumps	8
filtration systems	640
kevlar gloves	1
electronic filing software	14
backpack blowers	1
moodle	62
eclipse software	442
tachometers	9
mechanical ventilators	1
systemware	1
power sprayers	1
resistance meters	2
temperature recorders	3
video editing equipment	2
information ordering	50
mass storage devices	2
analytical balances	15
smartsheet	6
ratchet wrenches	1
safety harnesses	1
electrocardiogram	15
exhaust analyzers	3
snapchat	2
centrifuges	59
manifold systems	1
nosql	2056
corel photo paint	11
lucent vitalsuite	2
enterprise backup systems	4
diffusion furnaces	8
floor scrubbers	15
x ray tubes	2
hot air guns	1
reciprocating pumps	6
recording thermometers	1
electric winches	1
manual lathes	70
programmable automation controllers pac	1
ibm cognos business intelligence	3
revision control software	15
voltage meters	7
talend open studio	3
sage saleslogix	4
recipe software	1
hand pruners	2
maintenance management software	69
sharepoint portal server	127
conductor searchlight	1
cylindrical grinders	2
firewall software	40
linkedin	14640
parallel blocks	2
smalltalk	137
oracle jdbc	14
network switches	96
triangles	2
microsoft dynamics gp	274
version control software	144
systemverilog	389
analog to digital converters	2
gas furnaces	13
torque wrenches	129
laser printers	47
trucks	65338
ordering software	1
pattern recognition software	4
infusion pumps	39
microsoft net framework	1933
qnx software	1
audio spectrum analyzers	4
steam distribution systems	2
i2 transportation modeler	1
hot plates	32
utility trucks	3
juris	635
logistics management information lmi database software	1
slitters	4
stamping presses	76
electronic levels	12
spinners	4
traffic counters	1
office suite software	390
banding equipment	6
safety wire pliers	1
mathematical software	3
smart	18699
trawlers	1
tensiometers	1
hoists	498
wrapping equipment	1
dbase	17
pipe wrenches	61
acl audit exchange	1
sage mip fund accounting	9
tuggers	17
automatic lathes	2
walking foot machines	1
microtomes	22
graphic presentation software	3
disposal units	4
electric pumps	4
file management software	9
collectors	1156
panelboards	11
electronic counters	2
inkscape	2
combine headers	1
tanker trucks	194
computer operating systems	161
staging equipment	1
dynamic html	44
tape measures	118
business management software	69
agricultural tractors	3
calorimeters	3
mathematical reasoning	168
static strength	41
ansys fluent	15
online medical databases	5
sugarsync	1
phase one capture one	1
tebis software	12
brazing equipment	4
storage area network equipment	2
stuffers	1
gyrocompasses	10
round files	1
hammer wrenches	1
crimping tools	64
digital gauges	1
oxyacetylene torches	1
mail carts	3
boring tools	1
online meeting software	4
mud pumps	1
interface probes	1
hydraulic lifts	7
ampl	2
brakes	35002
torch tips	1
orthodontic brackets	2
computer terminals	93
metering pumps	4
nutrition analysis software	6
sas connect	3
sage 100 erp	7
sponges	2
air tanks	4
bolsters	2
navigation equipment	13
pipe threaders	2
foreign language	14202
optical measuring equipment	18
circular saws	7
hand trucks	203
distillation equipment	1
eye protection	87
microsoft mappoint	10
pneumatic presses	3
flight management systems fms	2
pneumatic hammers	1
fire retardant clothing	16
assessment software	19
cutter grinders	9
machine lathes	7
refrigeration systems	302
gnuplot	1
light microscopes	5
industrial trucks	35
finishers	47
aspentech hysys	2
ggy axis	1
dimmers	1
archivists toolkit	1
oracle clinical	57
auger bits	18
shrink wrappers	7
tax software	889
sage abra hrms	4
limousines	23
gross body coordination	7
pulverizers	2
temperature transmitters	4
ear plugs	299
insulated pliers	1
constant contact software	2
ONET KSA	Count
soldering tools	20
autoclaves	28
systems integration software	87
delivery trucks	107
gas pumps	1
skid steer machines	1
arc welders	2
microsoft internet explorer	218
digital balances	1
nils insource	1
security devices	116
receipt books	172
cold presses	2
angle finders	6
headgear	1
document cameras	15
social media sites	298
electric hacksaws	1
positive train control ptc systems	1
website development software	3
database management software	86
manometers	2
temperature chambers	3
centrifugal compressors	32
ball valves	10
symantec security software	1
hot knives	1
trunk strength	2
patch management software	12
power transformers	51
dirt shovels	10
sample containers	1
sage mas 200	19
compuware dynatrace	1
time management	152689
online databases	52
ilog cplex	1
forwarders	79
photolithography equipment	4
drip torches	2
compilers	306
golf carts	15
domain name servers dns	1
preventive maintenance software	5
auditing software	28
noise figure meters	3
blade servers	69
springcm	1
hec hms	30
megohmmeters	2
fedex ship manager	6
object oriented programming software	56
folder gluers	3
distilling equipment	5
network routers	28
audio editing software	7
geography	2627
job control language jcl	7
wired microphones	1
sage erp accpac	2
heat sealers	3
layout templates	4
apache maven	19
digital oscilloscopes	32
far vision	419
finger dexterity	1669
videotape recorders	1
software development tools	158
nessus	242
oracle e business suite financials	6
scalar network analyzers	1
design templates	101
microsoft expression design	1
wire cutters	17
business continuity software	3
animal cages	2
ibm lotus notes	46
vertical milling machines	29
canners	1
remote control software	14
total stations	33
fuel trucks	289
mentor graphics calibre	5
steam cleaners	18
skype	990
protective suits	3
skimmers	2
apache tomcat	1053
inkjet printers	21
dump trailers	9
ibm cognos software	1
snowplows	4
mysql software	251
paychex software	65
flowjo	4
manual pallet jacks	11
tower cranes	3
optimization software	171
brightcove	238
process control software	15
inventory management system software	1
furnaces	222
air dryers	10
evaporators	44
paint guns	6
nibblers	5
tigerpaw software	2
metal detectors	26
airless spray equipment	11
computerized maintenance management system cmms software	1
adp pay expert	95
virtual software virtual timecard	1
microsoft paint	1
thumb drives	1
digital manometers	2
emc networker	23
heating coils	2
electronic health record software	11
johnson controls metasys	15
microsoft systems management server	25
23	11606
socket wrench sets	1
writing	92960
video game software	2
pipe lasers	2
sybase replication server	3
dolls	4
paper cutters	11
actionscript	2576
pressure cleaners	1
proseries software	18
granulators	11
circulating pumps	4
microsoft money	1
telephone headsets	7
absorbance spectrophotometers	1
medent	9
case analysis software	2
computer assisted mass appraisal cama software	1
postage machines	12
borescopes	11
probe stations	1
mainframe computers	9
box end wrenches	4
small trucks	3
cubic	68
financial analysis software	14
quark software	1
heavy trucks	16018
solar advisor model	2
computerized cash registers	4
time clocks	16
component libraries	1
mallets	2
hospital beds	6
open dental	2
pepper spray	26
microsoft dynamics erp	4
pharmacy management software	1
engineers levels	23
toasters	31
fleet management systems	5
fermenters	2
pneumatic conveyors	4
public genomic databases	3
citrix gotomeeting	2
apollo reservation system	1
loaders	473
medical linear accelerators	2
spreadsheet applications	937
moving carts	4
postal scales	1
robotic manipulators	1
data definition language ddl	3
maintenance scheduling software	3
grinder mills	1
polygraphs	3
data mining software	34
wireless microphones	2
distillation units	7
inventory management systems software	3
maxima	47
air wrenches	1
protocol analyzers	132
post drivers	3947
rss	415
printed circuit board design software	2
tape libraries	82
calibration software	48
cisco ios	412
angle grinders	3
volumetric glassware	7
vxworks software	1
compass software	10
oracle business intelligence enterprise edition	21
refrigerated trailers	25
oscilloscopes	781
twin spindle lathes	1
picks	577
rfid software	2
pricing guns	1
people work	12711
hibernate orm	12
oxygen masks	1
microcontrollers	282
turnbuckles	4
ensembl	2
gmail	115
optical emission spectrometers	2
public address systems	9
industrial vacuums	1
pneumatic nailers	2
water trucks	29
hearing protectors	22
probes	295
fine arts	323
pinterest	415
code readers	1
touch screens	43
allegro software	3
ferries	46
mechanical	230560
oracle solaris	49
aerators	10
resistance bridges	1
polishing tools	2
milling equipment	45
time tracking software	6
stand up forklifts	26
dredges	32
gravity convection ovens	2
blender	114
typewriters	69
ibm content manager	4
reciprocating compressors	22
lathes	1894
fluorescent lights	9
patient monitoring systems	2
ontario systems facs	1
ca clarity ppm	5
robotic tape libraries	1
extruders	45
microsoft office sharepoint server moss	9
gear shapers	3
farm trucks	2
apache ant	26
wireshark	422
vehicle management software	2
scoring machines	2
taxworks software	2
video analysis software	2
torque gauges	1
test pumps	3
wire brushes	2
ifconfig	3
hoes	8
autodesk maya	27
strappers	1
scoring tools	3
microsoft publisher	99
derricks	92
earth tampers	3
point of sale pos systems	5
epicor vantage erp	5
blow molding machines	29
ibm rational system architect	2
microsoft entourage	1
synopsys hspice	6
credit card machines	22
scanning electron microscopes	8
tractor trailers	181
screen printing press	2
factiva	6
metal benders	1
encoder software	1
ibm websphere mq	2
land drilling rigs	3
dryers	175
power meters	142
10 key calculators	3
fuel pumps	116
stump grinders	9
engineering copiers	1
linux	30824
surface area analyzers	1
drag brooms	10
dust collectors	8
parking signs	2
computerease construction accounting	7
wet mops	12
testng	140
diode lasers	3
floats	12
dial indicators	170
belt loaders	4
profilers	27
steel rods	1
protiviti governance portal	2
problem sensitivity	274
trenchers	17
heating torches	9
imaging systems	106
nagios	515
air conditioning systems	777
high reach forklifts	4
foley catheters	2
two way radios	131
arbors	4
ada	2168
microsoft visual studio team foundation server	7
mechanical lifts	1
fire trucks	10
snow removal equipment	19
belt conveyors	29
programmable hearing aids	3
prolog	119
inclinometers	1
emergency lighting	10
intrusion alarms	2
bridge plates	1
fork trucks	35
nailers	6
foot controls	223
steam boilers	47
data acquisition equipment	56
response orientation	2
timekeeping software	102
decision support software	7
resistivity meters	1
protective glasses	50
active learning	96
extrusion machines	2
pile driving equipment	1
robot framework	8
cannulas	1
portable air compressors	2
deep wells	6
salesforce software	37
gas analyzers	13
stretchers	6
plug gauges	7
carpet shampooers	3
tire chains	165
microsoft commerce server	6
medical x ray units	1
bull floats	1
grinding stones	396
data acquisition systems	227
compression garments	19
machine control software	4
infrared thermometers	1
end mills	53
hazardous material packaging	1
glove box systems	1
ellipticals	4
measuring gauges	11
oracle real application cluster rac	1
balancing machines	3
microsoft powerpoint	2734
scales	685
compressed air systems	329
mixed signal oscilloscopes	8
hotplates	2
audienceview ticketing	1
sap dms	2
engine analyzers	7
slot machines	21
vises	12
pressure transducers	39
modems	208
oracle retek	3
radiation detectors	3
sieves	3
winsteps	5
foot orthotics	2
venturi meters	4
adjustable wrenches	25
digital scales	6
jig borers	9
dx studio	3
surgical gloves	1
projection equipment	5
floor strippers	2
particle size analyzers	3
power drivers	5
compliance software	106
epic software	56
mini screwdrivers	2
cascading style sheets css	45
call management systems cms	1
statistics software	30
vector canoe	2
orthotic devices	11
water level recorders	3
labware lims	14
signal level meters	11
skm systems analysis power tools	11
cooling towers	1073
blowers	396
stage	3706
spss	877
color laser printers	4
hydrometers	2
robotic total stations	9
staple guns	10
personal protective clothing	3
balances	4691
voice mail systems	30
air blowers	48
radius gauges	5
opengl	612
anesthesia equipment	1
meditech software	28
link analyzers	8
microsoft windows mobile	2
pallet trucks	10
visual color discrimination	2
oxygen tanks	4
nslookup	4
cell washers	4
rolling machines	3
static analysis software	2
pruning shears	3
planes	191
shims	4
paint sprayers	2
test lamps	2
proximity sensors	22
meggers	12
mp3 players	44
adapt it	1
cut off saws	8
job costing software	11
flow hoods	4
hay balers	15
computer assisted design software	2
majestic seo	10
bending brakes	3
cisco anyconnect	3
records management systems	36
stencils	50
cement mixers	4
teradata bteq	3
roller beds	1
tivoli	648
perl shell	477
act software	31
large trucks	115
fannie mae desktop underwriter	18
programming languages	6946
